,barcode,H_C1,H_C2,H_C3,H_C4,all,section,coordinates
0,P3.3_GGACTTACGACAACTATG,0.053,0.1355,0.0085,0.8025,21.479,P3.3,16x18
3,P3.3_GTGCCCGCCGGACTTAAG,0.003,0.0925,0.012,0.892,55.32,P3.3,14x19
4,P3.3_ATATGGGTGTAACAAGAA,0.023,0.0515,0.0115,0.9135,34.574,P3.3,11x21
5,P3.3_GATACTTCGGGATGCGGG,0.002,0.017,0.003,0.9785,62.999,P3.3,15x15
6,P3.3_GTTGTCATGCCATATCGG,0.0455,0.2775,0.023,0.6545000000000001,9.4125,P3.3,21x20
7,P3.3_ATGAATGACGGAGGTACT,0.008,0.105,0.0255,0.8614999999999999,26.893,P3.3,11x22
8,P3.3_CTTCCAACTCTCGCATAG,0.002,0.0295,0.0025,0.966,74.7535,P3.3,16x21
9,P3.3_TGTCAAAGGCCTATCAGC,0.002,0.016,0.0035,0.9785,72.0235,P3.3,12x21
10,P3.3_TAAGCTTACGAGCCCGCC,0.009999999999999998,0.0425,0.0025,0.9445,67.39399999999999,P3.3,19x19
11,P3.3_GGATCGATGCATTTGGAG,0.004,0.0245,0.026500000000000003,0.945,57.2765,P3.3,17x21
12,P3.3_ACATCACCTGCGCGCTCT,0.0235,0.1225,0.0215,0.8325,56.417,P3.3,13x21
13,P3.3_GACCGAGGCGACGCCAAT,0.002,0.005,0.0025,0.99,63.01,P3.3,14x22
14,P3.3_TTGACTTATCCAGGTAGC,0.002,0.0575,0.002,0.9375,79.098,P3.3,20x19
15,P3.3_GAATATGAGTTGATACAG,0.0345,0.0535,0.009000000000000001,0.903,14.724,P3.3,14x21
16,P3.3_CCTCTGCAATAAACAAAG,0.0095,0.047,0.002,0.9415,98.6945,P3.3,15x20
17,P3.3_CGTCCTAGCTAAGTCGCC,0.0115,0.124,0.006500000000000001,0.8585,25.0045,P3.3,18x23
18,P3.3_CCTCAGGAAGGGTGTATC,0.027000000000000003,0.064,0.037500000000000006,0.872,44.5435,P3.3,21x17
19,P3.3_TTATGGAGCTTAAGCCGC,0.014,0.0245,0.006999999999999999,0.955,53.7485,P3.3,12x14
20,P3.3_TGCCGGATTGACGGTTAT,0.0155,0.135,0.0195,0.83,38.5865,P3.3,10x22
21,P3.3_CAACATCGACCCTATTCC,0.003,0.013999999999999999,0.0045000000000000005,0.9785,42.727,P3.3,11x19
22,P3.3_ACAACTATGGGTTGGCGG,0.003,0.0535,0.0155,0.9275,58.207,P3.3,16x16
23,P3.3_CATGGTACGATCGCGCCC,0.0045000000000000005,0.022000000000000002,0.0025,0.9705,79.97550000000003,P3.3,14x12
24,P3.3_TCTAATAAACCGACCGTA,0.002,0.0475,0.0025,0.948,75.957,P3.3,17x17
25,P3.3_ATGGGCTGAATGTCACAC,0.0135,0.157,0.0075,0.8225,18.5495,P3.3,15x13
27,P3.3_ACGTAAGCGGACGCATGA,0.011000000000000001,0.0255,0.006,0.9570000000000001,69.55850000000001,P3.3,16x19
28,P3.3_TCCGAATTCAAATTAAGG,0.005,0.037000000000000005,0.003,0.955,58.536,P3.3,12x19
29,P3.3_CGGCCAAAGATACTTTAA,0.0035,0.029,0.0065,0.961,101.3005,P3.3,17x22
32,P3.3_AGGGACGTCGTTTGCCTG,0.011000000000000001,0.056,0.006999999999999999,0.9259999999999999,45.9755,P3.3,14x24
33,P3.3_GCAACCTAGACAAACCAC,0.003,0.0585,0.008,0.9305,66.0435,P3.3,15x25
34,P3.3_TGAAGGCATCTAAATGTG,0.004,0.0145,0.0085,0.973,58.981,P3.3,20x17
35,P3.3_CGCTTACATAGAAGATTA,0.0105,0.046,0.0215,0.9225,37.74800000000001,P3.3,14x15
36,P3.3_TCTGCACAAACAGTGACT,0.006999999999999999,0.086,0.0035,0.9035,43.356,P3.3,15x18
37,P3.3_CGTCTCAAACATTCGGCC,0.002,0.0105,0.002,0.9865,111.59899999999999,P3.3,11x15
38,P3.3_GTAACGCCTACTAGGAAG,0.0085,0.034,0.0095,0.9475,16.6985,P3.3,16x14
39,P3.3_CCGCCAGTTAATCAGCAA,0.0105,0.038,0.0085,0.943,91.7195,P3.3,12x22
40,P3.3_AGCTAGATGTTCCGAGCG,0.08199999999999999,0.068,0.061,0.79,8.2305,P3.3,22x19
41,P3.3_TATCGAACTAAGGTCGCG,0.002,0.028,0.004,0.966,67.245,P3.3,18x19
44,P3.3_TTTATTTGCGATCAAGGA,0.054000000000000006,0.2765,0.0055,0.6635,47.1135,P3.3,20x20
45,P3.3_TAAAGGAACATTCCGGTG,0.2315,0.003,0.003,0.763,56.5565,P3.3,13x25
46,P3.3_ACATTTAAGGCGCATGAT,0.384,0.5714999999999999,0.0105,0.034,22.243,P3.3,14x18
47,P3.3_TCTCCGTACACGCGCCTT,0.139,0.0175,0.0035,0.84,72.956,P3.3,15x23
48,P3.3_GTTATGTAATAACCCTCT,0.2145,0.15250000000000002,0.026500000000000003,0.6065,29.744,P3.3,18x17
49,P3.3_CATCATCTTACAAGAAAG,0.598,0.023,0.0045000000000000005,0.374,69.3825,P3.3,13x14
50,P3.3_TTCCGGCAATCACTCAGA,0.7344999999999999,0.026500000000000003,0.233,0.006,49.5465,P3.3,16x13
51,P3.3_CTATTCATACTCGGGTAC,0.0095,0.002,0.006500000000000001,0.9825,79.9545,P3.3,15x16
54,P3.3_CTTGTCAGATTTATGCAG,0.5934999999999999,0.1815,0.0035,0.2215,53.883,P3.3,11x23
55,P3.3_AGCGCCCTCCGAATGTTG,0.233,0.0045000000000000005,0.0145,0.7484999999999999,111.32799999999999,P3.3,16x20
56,P3.3_GTCACGGATCGAGGGATA,0.22899999999999998,0.0275,0.017,0.726,85.25399999999999,P3.3,12x20
57,P3.3_CTCAAACCGGAACTCTGT,0.493,0.0115,0.0475,0.4475,13.1125,P3.3,17x13
59,P3.3_CAGCACATGATGTTCTAG,0.6005,0.006,0.021,0.373,87.27250000000002,P3.3,18x21
61,P3.3_ACTGCTGTACATTCGATC,0.1775,0.008,0.0035,0.8105,57.974,P3.3,19x20
62,P3.3_TCTCAGGTGATAAGGATG,0.4975,0.0245,0.0025,0.4745,76.0575,P3.3,16x23
63,P3.3_CCCTTTCAACCTCTCGAT,0.562,0.0275,0.018000000000000002,0.3925,92.808,P3.3,17x18
64,P3.3_TCTGATCCCGCCGGAAAG,0.542,0.008,0.009000000000000001,0.441,26.346,P3.3,13x18
65,P3.3_GCGCGTGTATTACGACGA,0.2115,0.048,0.003,0.738,79.43350000000002,P3.3,20x18
66,P3.3_GCGGACGTGTACCAGTAA,0.6165,0.0155,0.053999999999999986,0.3135,10.255999999999998,P3.3,14x20
67,P3.3_GCCGAAAGACTAGGTCTC,0.43,0.094,0.1015,0.3745,64.93350000000001,P3.3,15x21
68,P3.3_CTTGAGATCTTCTTGCGG,0.325,0.052000000000000005,0.0325,0.5905,29.469,P3.3,10x21
69,P3.3_CCACGTCAGCCCTGTGAG,0.4005,0.0235,0.0055,0.5710000000000001,35.209999999999994,P3.3,11x20
70,P3.3_ACATGTGTCGTTTCAAGA,0.5635,0.1165,0.0555,0.2645,34.332,P3.3,17x14
71,P3.3_TAACAGGGCCCGAGGTTC,0.257,0.114,0.032,0.5960000000000001,37.73,P3.3,15x14
73,P3.3_GAATTATTCCGCAGGGCT,0.3245,0.13699999999999998,0.018500000000000003,0.5205,29.0475,P3.3,12x18
74,P3.3_CTAACATTAGTCGCCGTT,0.2125,0.047,0.0085,0.732,92.5335,P3.3,17x23
75,P3.3_CTGAGGGTTGTATAAGTC,0.2725,0.031,0.0135,0.6829999999999999,41.5555,P3.3,19x18
76,P3.3_TACTTGCCAATCTCTGAG,0.239,0.0115,0.0045000000000000005,0.745,37.0745,P3.3,13x20
77,P3.3_TAACTTCGATCAGGCTTA,0.8440000000000001,0.02,0.0465,0.09,38.73,P3.3,14x23
78,P3.3_CAGAAGCGAGCCGAAGTC,0.1325,0.0105,0.011000000000000001,0.846,134.14600000000002,P3.3,18x22
79,P3.3_TGAAACTCCTGTCTCGCG,0.537,0.354,0.033,0.07650000000000001,58.7455,P3.3,14x14
80,P3.3_TGATTCTTGTCGCAGCAT,0.595,0.033,0.019,0.3525,50.148999999999994,P3.3,15x19
81,P3.3_CGGAGCCAAGACTCGTCT,0.843,0.0085,0.006999999999999999,0.14200000000000002,51.0685,P3.3,12x15
82,P3.3_CGAACTAGAATCGATAGC,0.2445,0.0125,0.005,0.738,103.9635,P3.3,14x13
83,P3.3_AGACTTGCGATATACTAT,0.242,0.1205,0.245,0.3925,22.1295,P3.3,17x16
84,P3.3_ATGTGTTGGGAATCCCAG,0.5695,0.005,0.1435,0.2825,31.908,P3.3,15x12
85,P3.3_GATGGCCAGATTCGTTAG,0.079,0.008,0.009999999999999998,0.9025,52.6475,P3.3,22x18
86,P3.3_TAAGAAACACCCGCTGAC,0.491,0.0305,0.0075,0.47100000000000003,25.8405,P3.3,18x18
87,P3.3_GGCTATCCTCTAGAGCAG,0.1655,0.035,0.0165,0.7825,48.946000000000005,P3.3,16x24
88,P3.3_GATCTGCACAACTCTGCC,0.2115,0.015,0.1005,0.6725,54.5145,P3.3,14x26
91,P3.3_CCATAGAAGTTGTAGTGA,0.431,0.0935,0.013,0.4625,39.0255,P3.3,14x25
92,P3.3_CATATAGCGCACATCGAA,0.1115,0.0055,0.004,0.879,41.823,P3.3,15x24
93,P3.3_TTAGACGAGCTCGTAGTT,0.5285,0.092,0.1725,0.2075,46.3575,P3.3,19x17
94,P3.3_CTCATCTACAAAGAGGTC,0.045,0.004,0.0045000000000000005,0.9465,38.0215,P3.3,13x15
95,P3.3_ACCCGGCGTAACTAGATA,0.9059999999999999,0.026000000000000002,0.035500000000000004,0.0325,55.95350000000001,P3.3,16x12
96,P3.3_GTATACTGGGCGAACCAA,0.002,0.0545,0.002,0.9420000000000001,99.839,P3.3,14x16
97,P3.3_GTGATCGGTCCTGTATAG,0.249,0.012,0.003,0.736,62.9705,P3.3,21x18
98,P3.3_CGCTAATTGCCCGATCCG,0.106,0.055999999999999994,0.068,0.7705,29.0355,P3.3,11x14
99,P3.3_TCCTAACGCTACTATCTG,0.17049999999999998,0.023,0.042,0.765,94.12799999999999,P3.3,16x15
100,P3.3_TCTTCCCAAGTGCTTATA,0.308,0.005,0.013000000000000001,0.6745,37.7775,P3.3,12x23
101,P3.3_TTAAGGACTGTAATTGGG,0.114,0.019,0.0055,0.8614999999999999,74.8945,P3.3,13x26
103,P3.3_TTCACCAATGCTGTAGTA,0.133,0.002,0.0075,0.858,96.07799999999999,P3.3,18x20
105,P3.3_GAAGATTCGCCCGGTCCA,0.591,0.017,0.009000000000000001,0.38299999999999995,68.36699999999999,P3.3,16x22
106,P3.3_TACCTTTGTGTAATGGCG,0.0565,0.001,0.0015,0.941,121.54700000000001,P3.3,17x19
107,P3.3_CTCAGTATGCATGAGCAG,0.2755,0.005,0.0035,0.716,67.137,P3.3,13x19
108,P3.3_GGCTCAAATTAAATGCGA,0.3305,0.006500000000000001,0.0135,0.6495,71.684,P3.3,7x26
109,P3.3_CATGTCCGAATTTCATAC,0.0555,0.002,0.002,0.941,91.35700000000001,P3.3,8x25
110,P3.3_CCTTTGACACTGTCTCTA,0.2265,0.1045,0.006500000000000001,0.6625000000000001,27.7,P3.3,9x24
111,P3.3_TCTATCTAGACCTAGATG,0.209,0.002,0.008,0.7809999999999999,77.727,P3.3,5x13
112,P3.3_GTATGCTCGGTCAACAAT,0.2365,0.0145,0.0035,0.7455,74.9435,P3.3,6x14
113,P3.3_GGGTTCTTAGCGGGAGTG,0.003,0.4025,0.2875,0.307,74.221,P3.3,5x19
114,P3.3_ACCGGAGTAAATTAGCGG,0.006,0.416,0.303,0.275,21.724,P3.3,8x16
115,P3.3_CTGAGCTATTGGGCGTCG,0.003,0.387,0.24600000000000002,0.3635,60.256,P3.3,9x17
116,P3.3_AGACGGTGTTAAGGCTAC,0.0025,0.09699999999999999,0.0965,0.8035000000000001,76.74549999999998,P3.3,6x13
117,P3.3_AGAACAAACTGTTAACAC,0.0025,0.207,0.0095,0.7809999999999999,45.2,P3.3,7x12
118,P3.3_GTTGTCGCGGAGTACTGG,0.006,0.168,0.1135,0.713,36.092,P3.3,5x24
119,P3.3_TCTGCCAGGTGCCGGACG,0.003,0.419,0.2585,0.3195,54.083999999999996,P3.3,6x19
120,P3.3_CCCAGCAACCGTTGATCC,0.002,0.308,0.6255,0.0645,60.64400000000001,P3.3,7x22
121,P3.3_GACCTATGCATGTTGAAT,0.004,0.4205,0.264,0.311,32.6995,P3.3,6x26
122,P3.3_CATTTATCTGGTTGGTAC,0.005,0.313,0.3005,0.3815,30.3335,P3.3,8x20
123,P3.3_GAGTAACGAGATTCTCCC,0.004,0.6385000000000001,0.3145,0.043,19.6295,P3.3,7x8
124,P3.3_TGGTCCAATAAATTAAGC,0.0025,0.3535,0.14,0.5035000000000001,67.8945,P3.3,8x23
125,P3.3_ATCCCGTGATCGCACCAT,0.003,0.6935,0.28200000000000003,0.0215,37.457,P3.3,9x18
126,P3.3_CTGGAGCATCGACTTGAG,0.003,0.2135,0.261,0.5229999999999999,47.848,P3.3,10x16
127,P3.3_ACCGATCCCATACTAGCG,0.002,0.3385,0.1995,0.46,70.0755,P3.3,5x15
128,P3.3_AGTATACATCTAGCCGGT,0.004,0.4395,0.21100000000000002,0.345,33.4565,P3.3,6x16
129,P3.3_TATCTTTACTCGGCGGCC,0.006500000000000001,0.5205,0.2925,0.1805,32.2915,P3.3,7x17
130,P3.3_CAAGCGCGCATTAGATGT,0.002,0.523,0.36200000000000004,0.1125,90.74700000000001,P3.3,5x21
131,P3.3_GTTCCTGTGGTATTATGA,0.006,0.1985,0.467,0.32899999999999996,22.6615,P3.3,8x14
132,P3.3_ATCTCACATCACTGAAGC,0.003,0.3925,0.254,0.35,71.0035,P3.3,6x22
133,P3.3_CGTGTTGTATCTTTGGAG,0.006,0.6105,0.3205,0.0635,15.790999999999999,P3.3,7x10
134,P3.3_CGTTGAGTTGGTCCTCCG,0.005,0.59,0.012,0.39299999999999996,19.6485,P3.3,8x9
135,P3.3_GTTCTCGCAAGGCGTGGG,0.0035,0.2,0.30100000000000005,0.496,36.3235,P3.3,6x21
136,P3.3_CTCATGATCGTTCAAACC,0.0085,0.2865,0.1935,0.512,31.979,P3.3,7x20
138,P3.3_TCGTCAAGACCCGTCAGG,0.003,0.182,0.16899999999999998,0.6459999999999999,75.788,P3.3,8x18
139,P3.3_ACCGGGTAAGATGTAGGC,0.002,0.629,0.3185,0.0505,56.207,P3.3,9x23
140,P3.3_CGTGTCCATAGAAGCTGT,0.003,0.4255,0.2035,0.368,38.877,P3.3,5x8
141,P3.3_TACCGCCGATTCCTGCAG,0.003,0.6225,0.2705,0.1045,45.8465,P3.3,9x22
142,P3.3_CCTAGGTCGCGCTCGAGG,0.006,0.5585,0.4145,0.021,18.0995,P3.3,8x13
143,P3.3_GGTTAGTTAGACCAACTA,0.003,0.22899999999999998,0.1325,0.636,73.062,P3.3,9x20
144,P3.3_GTACTTAAGCCTCAGTTA,0.002,0.337,0.312,0.34850000000000003,86.9875,P3.3,10x24
145,P3.3_CAATCGCTGCTCTGGAAT,0.002,0.6054999999999999,0.0955,0.297,70.9465,P3.3,5x17
146,P3.3_GCCCGAGCGCGTGTAACA,0.004,0.3415,0.265,0.3895,36.211999999999996,P3.3,7x15
147,P3.3_GTTCAACACCTCACCAGC,0.0035,0.25849999999999995,0.1585,0.5800000000000001,41.49100000000001,P3.3,6x24
148,P3.3_ACCGATCCGTAGTTCCAA,0.006,0.3725,0.5914999999999999,0.03,23.4045,P3.3,8x7
149,P3.3_CTTACACTAGGCGTAAGG,0.006,0.514,0.28900000000000003,0.191,28.586,P3.3,7x18
150,P3.3_GAGTAGCTTGGATGATGT,0.0045000000000000005,0.3555,0.251,0.389,39.221500000000006,P3.3,8x24
151,P3.3_CCTTAGGGCCTCTCCACA,0.004,0.4155,0.204,0.3765,33.3855,P3.3,9x25
152,P3.3_AGGGACGTTAGTGTGCCA,0.003,0.5535,0.379,0.0645,30.954,P3.3,10x19
153,P3.3_CAAACAGCGTCTGGAACA,0.002,0.401,0.3315,0.266,68.37,P3.3,8x11
154,P3.3_TCCGGAGCGAACACGATT,0.0045000000000000005,0.005,0.0915,0.8995,30.6185,P3.3,9x14
155,P3.3_TATGTTGGCCAATGTGCA,0.002,0.3795,0.3195,0.299,77.675,P3.3,6x12
156,P3.3_AGCCGACATGCTCTAAAC,0.0045000000000000005,0.3995,0.27,0.326,52.786,P3.3,7x13
157,P3.3_CACCAGGCTCGAAACGCG,0.0035,0.519,0.254,0.223,36.36,P3.3,5x25
158,P3.3_CTATATGTTGTCCTGTGA,0.008,0.006,0.094,0.892,49.252,P3.3,7x23
159,P3.3_CCGTCATTGTGTTAGGAC,0.003,0.531,0.2,0.266,39.721500000000006,P3.3,9x26
160,P3.3_ATATTGCCACCCTACCAA,0.0045000000000000005,0.319,0.6509999999999999,0.026,33.6325,P3.3,7x9
161,P3.3_ATACAGTGGTGCATCCGC,0.006500000000000001,0.5894999999999999,0.377,0.027000000000000003,25.393,P3.3,8x22
162,P3.3_ATGAATTTAGCGCCCGCT,0.003,0.1095,0.1165,0.7709999999999999,61.621,P3.3,9x19
163,P3.3_CTCTATGTTTACGCAGGT,0.0045000000000000005,0.422,0.256,0.3175,30.4945,P3.3,10x15
164,P3.3_TGCTTACCGGTGGATTAC,0.006500000000000001,0.3505,0.4255,0.217,30.313000000000002,P3.3,5x12
165,P3.3_CAGCATCTTTGGAGCGGT,0.001,0.1105,0.15000000000000002,0.7384999999999999,105.909,P3.3,6x15
166,P3.3_GAGGGCGCGTCATTACGG,0.0035,0.34,0.271,0.3855,44.0895,P3.3,5x18
167,P3.3_TATCCTCCAGTTATGTTG,0.003,0.4045,0.2105,0.382,46.434,P3.3,8x17
168,P3.3_AGCCTGAACAGCGCTAGC,0.002,0.0125,0.0045000000000000005,0.981,67.8065,P3.3,9x16
169,P3.3_TGTACGATTAGTCCGACG,0.0075,0.4795,0.0275,0.4855,14.0045,P3.3,7x11
170,P3.3_CCCAGACACAACCTACGC,0.002,0.6479999999999999,0.3425,0.0075,58.155,P3.3,8x8
171,P3.3_AGACATTAAACGTGGATG,0.003,0.374,0.261,0.36200000000000004,48.02,P3.3,6x20
172,P3.3_TTCCGATTGTATAGCCGC,0.005,0.43200000000000005,0.35650000000000004,0.206,27.538,P3.3,7x21
173,P3.3_TATCTGCTGTGTTTACGT,0.002,0.0765,0.099,0.8220000000000001,60.818000000000005,P3.3,8x26
174,P3.3_AGGCCGCTGCACAAGTCT,0.004,0.38,0.3725,0.2435,34.084,P3.3,8x21
175,P3.3_TATGTAGCGTCGAAGATC,0.004,0.7035,0.2665,0.026,42.4605,P3.3,5x9
176,P3.3_TAACTGCGTTACGCGATT,0.005,0.10300000000000001,0.0195,0.8725,62.7905,P3.3,8x12
177,P3.3_ATGATCCTTCGCCTGTAC,0.003,0.3895,0.233,0.374,46.464,P3.3,9x21
178,P3.3_CGCTCATTCGCAGACGTA,0.0045000000000000005,0.361,0.33,0.304,22.0835,P3.3,10x17
179,P3.3_ATTTGCAAGAAGCCGGGC,0.0105,0.635,0.0575,0.297,18.31,P3.3,10x23
180,P3.3_ACAAACCTACTCCGCTGT,0.002,0.2775,0.2325,0.4875,82.12899999999999,P3.3,5x14
181,P3.3_TAAGGCCGGTTTCCAAAT,0.002,0.504,0.16299999999999998,0.3305,63.0985,P3.3,7x16
182,P3.3_TTACACGCCCGATCGATA,0.003,0.19399999999999998,0.1455,0.657,56.017,P3.3,5x20
183,P3.3_AGCAACTGTGCGACCATC,0.027000000000000003,0.3345,0.4450000000000001,0.1945,8.116,P3.3,8x15
184,P3.3_GCATTGATAGGAATCCTG,0.0035,0.098,0.064,0.8345,72.358,P3.3,6x23
185,P3.3_GCGTTTCCAAGCACGCGG,0.0085,0.1145,0.052000000000000005,0.8254999999999999,16.616999999999994,P3.3,7x19
186,P3.3_GGCCTCACGCTGGATATT,0.003,0.2775,0.2775,0.44299999999999995,59.575,P3.3,8x19
187,P3.3_CCCGCGGAATGAAGCATC,0.003,0.6094999999999999,0.343,0.0455,47.678999999999995,P3.3,10x18
188,P3.3_ATAAATGAGCTCTTCACG,0.006999999999999999,0.0895,0.0455,0.858,58.1835,P3.3,5x11
189,P3.3_GCTTATCGATCTGCTCGG,0.003,0.054999999999999986,0.027000000000000003,0.915,29.965,P3.3,8x10
190,P3.3_TTTATGCCACTCGGCTAG,0.002,0.192,0.3185,0.4875,58.008,P3.3,9x15
191,P3.3_GAGCCTGTTGCGCGCTAG,0.002,0.052000000000000005,0.04,0.9065,82.7505,P3.3,10x25
192,P3.3_GCATTAATAGATAGGATC,0.003,0.08,0.0965,0.821,55.5705,P3.3,5x16
193,P3.3_GTGAAGCTTTGCTGTCAA,0.002,0.004,0.1005,0.8935,39.813,P3.3,6x11
194,P3.3_ATGAACCGCGTTAGTACG,0.002,0.3725,0.262,0.3635,64.5775,P3.3,7x14
195,P3.3_AGCGCCATTTAGGTCGAA,0.0025,0.273,0.2095,0.515,70.2295,P3.3,5x22
196,P3.3_GAACATAATTGCACCGTC,0.0035,0.466,0.518,0.013,45.1615,P3.3,6x25
197,P3.3_GAATAATCAAACCGATCG,0.001,0.0205,0.0065,0.972,89.69149999999998,P3.3,7x24
268,P1.2_GATTGCCATGGTGCCACC,0.002,0.0185,0.015,0.9640000000000001,45.803000000000004,P1.2,26x12
269,P1.2_CCTATGTCATCTGACGGA,0.0045000000000000005,0.402,0.24600000000000002,0.34700000000000003,26.139000000000006,P1.2,28x8
270,P1.2_ACTTATTAACTCCGCTCC,0.002,0.16699999999999998,0.264,0.5670000000000001,63.096,P1.2,26x8
271,P1.2_ATTTACCAATCGAATGGA,0.0075,0.503,0.4685,0.0215,9.282,P1.2,29x9
272,P1.2_ACGCGGGTCCTGAGGTCA,0.002,0.5714999999999999,0.2985,0.128,66.38550000000001,P1.2,28x9
273,P1.2_TTGGAGTCAACATGTGCC,0.004,0.4615,0.2,0.3345,41.349,P1.2,30x10
274,P1.2_CAGCCGCCCGAACATAGC,0.011000000000000001,0.0575,0.3915,0.5405,18.285,P1.2,30x9
275,P1.2_TGGCGAACAGTTATCGGC,0.0035,0.2255,0.36200000000000004,0.4095,36.535,P1.2,27x8
276,P1.2_GACAGGCCATTTAACGTT,0.0075,0.556,0.3835,0.0525,15.299000000000001,P1.2,29x10
277,P1.2_CGTTAGGCGATATCTGTA,0.001,0.035500000000000004,0.004,0.9590000000000001,95.539,P1.2,22x12
278,P1.2_CTCACGTGCAAGGTTTAG,0.002,0.1825,0.107,0.7084999999999999,87.45150000000002,P1.2,22x11
279,P1.2_CATACTCGGATGCCGCGT,0.003,0.1575,0.0285,0.8109999999999999,73.94800000000002,P1.2,18x11
280,P1.2_GTACAGGTCTAAATCTAA,0.0045000000000000005,0.4475,0.1105,0.4375,27.0175,P1.2,22x9
281,P1.2_CCGTAACATCATTACACC,0.004,0.4695,0.29700000000000004,0.2295,39.26300000000001,P1.2,23x8
282,P1.2_CGTCTATCCAACGTATAG,0.004,0.2175,0.16999999999999998,0.6085,72.51650000000002,P1.2,20x12
283,P1.2_CCGTTCGAGCGTTCGCTA,0.002,0.7250000000000001,0.251,0.022000000000000002,58.0505,P1.2,25x11
284,P1.2_GCTTCCGATGAGTTGTGG,0.005,0.5365,0.048,0.41100000000000003,24.453000000000003,P1.2,23x10
285,P1.2_GCACCTCTCAACTGCAGT,0.004,0.392,0.2715,0.3325,27.8555,P1.2,24x9
286,P1.2_TTATCGACTTTGCAACGT,0.004,0.2605,0.2585,0.4775,34.8195,P1.2,26x11
287,P1.2_CTTGACGCGTGGACAAAC,0.003,0.417,0.1835,0.3965,35.1965,P1.2,22x10
288,P1.2_CTCCGTTGCCAGCCATCG,0.005,0.4005,0.205,0.39,42.7415,P1.2,20x10
289,P1.2_AGTTTAACAACCGCGCCT,0.004,0.3675,0.2415,0.387,36.621,P1.2,21x10
290,P1.2_CTTTAATTAGAGGCATCG,0.002,0.0835,0.0455,0.8690000000000001,71.895,P1.2,19x10
291,P1.2_TTCCTTGTTACGGGTGAG,0.004,0.4525,0.4155,0.128,33.566,P1.2,24x11
292,P1.2_TGAACATAGGTGGTACCA,0.003,0.004,0.009999999999999998,0.983,40.762,P1.2,23x13
293,P1.2_CACGGGTAGTGAAATCTA,0.0035,0.2965,0.3045,0.396,44.0615,P1.2,18x10
294,P1.2_GCCGCCTAAGTGATCTTG,0.004,0.2945,0.1355,0.5660000000000001,40.234,P1.2,23x9
295,P1.2_GTTAACGAATCAGATTGA,0.002,0.1855,0.2095,0.6025,81.612,P1.2,21x12
296,P1.2_CGAGCACTCAATTCCGGG,0.006999999999999999,0.3315,0.33,0.332,34.8755,P1.2,23x11
297,P1.2_TATTTAGAAGCTATGACG,0.004,0.5589999999999999,0.407,0.03,34.736999999999995,P1.2,25x9
298,P1.2_TCTCCCTATAGACTCTGT,0.0025,0.1535,0.0865,0.7575000000000001,67.2345,P1.2,26x10
299,P1.2_GTTAACTGGACAGAGCGT,0.004,0.3145,0.35600000000000004,0.326,33.0345,P1.2,18x12
300,P1.2_CCTAGGATAGTTCGACGC,0.0045000000000000005,0.0155,0.08800000000000001,0.8925000000000001,43.2945,P1.2,21x9
301,P1.2_ACCCTCGTTGTCGATACG,0.0035,0.4445,0.2255,0.327,65.9365,P1.2,25x10
302,P1.2_ATAGGTTGTATGAGACGA,0.004,0.4215,0.213,0.3615,35.446,P1.2,21x11
303,P1.2_GACCTCGAGTAAGCCGCG,0.003,0.0865,0.053500000000000006,0.857,63.2995,P1.2,19x11
304,P1.2_CACTCACGAAGGGCGGAG,0.003,0.35100000000000003,0.15050000000000002,0.4945,46.3895,P1.2,24x10
305,P1.2_CTCTATGGTTCCCGAGAG,0.0035,0.375,0.2345,0.387,35.73699999999999,P1.2,20x11
306,P1.2_GAGGCGTACACTACAACC,0.003,0.177,0.1175,0.7030000000000001,51.2515,P1.2,21x13
307,P1.2_ATGCGTACCGCGATCTAT,0.003,0.1835,0.1575,0.6565000000000001,80.18799999999997,P1.2,22x14
308,P1.2_TAACGCGTGCTGAGTAGG,0.004,0.2235,0.205,0.5675,33.6625,P1.2,22x13
309,P1.2_ACGTAAGGTGATGCGACG,0.006999999999999999,0.2345,0.10300000000000001,0.655,38.362,P1.2,23x12
310,P1.2_GTGCTATTTAAGCCGATT,0.0035,0.4885,0.215,0.2935,35.445,P1.2,19x12
198,P2.4_GTTAACGAATCAGATTGA,0.006999999999999999,0.583,0.2765,0.1335,14.3415,P2.4,21x12
199,P2.4_TTTCTAACTCATAAGGAT,0.002,0.113,0.08399999999999999,0.8009999999999999,75.523,P2.4,20x13
200,P2.4_CGTTAGGCGATATCTGTA,0.006,0.5095000000000001,0.135,0.349,22.5225,P2.4,22x12
201,P2.4_GTCAAAGATTACTCCTGC,0.006,0.226,0.3845,0.3835,27.1045,P2.4,20x21
202,P2.4_GTTGTCATGCCATATCGG,0.004,0.6645000000000001,0.2625,0.069,37.974,P2.4,21x20
203,P2.4_TAAGCTTACGAGCCCGCC,0.002,0.20600000000000002,0.0325,0.7595000000000001,79.11099999999998,P2.4,19x19
204,P2.4_GGATCGATGCATTTGGAG,0.002,0.353,0.2095,0.435,57.1005,P2.4,17x21
205,P2.4_TTGACTTATCCAGGTAGC,0.005,0.4695,0.493,0.032,21.805,P2.4,20x19
206,P2.4_CCTCTGCAATAAACAAAG,0.003,0.147,0.1155,0.7344999999999999,52.442,P2.4,15x20
207,P2.4_TCTAATAAACCGACCGTA,0.002,0.064,0.2065,0.728,94.45700000000001,P2.4,17x17
208,P2.4_ACGTAAGCGGACGCATGA,0.003,0.2965,0.3015,0.3985,43.7895,P2.4,16x19
209,P2.4_CGACCATGGCCTGTGAGG,0.005,0.1395,0.21750000000000005,0.6379999999999999,30.026000000000003,P2.4,20x22
210,P2.4_TGAAGGCATCTAAATGTG,0.008,0.3705,0.3205,0.30100000000000005,12.1275,P2.4,20x17
211,P2.4_GACTCATTTGCAACAGGT,0.005,0.5615,0.412,0.021,38.4265,P2.4,21x19
212,P2.4_TATCGAACTAAGGTCGCG,0.003,0.3435,0.267,0.3865,44.71,P2.4,18x19
213,P2.4_TTTATTTGCGATCAAGGA,0.004,0.556,0.19,0.251,39.1505,P2.4,20x20
214,P2.4_GTTATGTAATAACCCTCT,0.0045000000000000005,0.3145,0.16799999999999998,0.513,23.896,P2.4,18x17
215,P2.4_GTGCGGTTGTATCTTCAG,0.0035,0.614,0.122,0.26,39.175,P2.4,19x16
216,P2.4_TTAGGTGATGTCAGACAC,0.006999999999999999,0.0105,0.39399999999999996,0.588,12.7,P2.4,21x21
217,P2.4_AGCGCCCTCCGAATGTTG,0.0025,0.066,0.022000000000000002,0.91,102.7505,P2.4,16x20
218,P2.4_CAGCACATGATGTTCTAG,0.003,0.4565,0.265,0.2755,53.168,P2.4,18x21
219,P2.4_ACTGCTGTACATTCGATC,0.0075,0.0765,0.039,0.877,23.6615,P2.4,19x20
220,P2.4_CCCTTTCAACCTCTCGAT,0.002,0.045,0.0755,0.8775,56.108999999999995,P2.4,17x18
221,P2.4_GCGCGTGTATTACGACGA,0.0105,0.3605,0.298,0.331,16.6635,P2.4,20x18
222,P2.4_GGACTTACGACAACTATG,0.001,0.17800000000000002,0.064,0.7559999999999999,138.778,P2.4,16x18
223,P2.4_CTGAGGGTTGTATAAGTC,0.002,0.2595,0.10800000000000001,0.6305000000000001,77.8485,P2.4,19x18
224,P2.4_GCGAACATTCCTTTATGA,0.0015,0.09699999999999999,0.1365,0.7645,124.336,P2.4,17x20
225,P2.4_CTTGTCGTCTCCACCTCA,0.0055,0.47,0.24600000000000002,0.2785,19.7425,P2.4,20x16
226,P2.4_AGACTTGCGATATACTAT,0.002,0.266,0.297,0.435,67.9335,P2.4,17x16
227,P2.4_TAAGAAACACCCGCTGAC,0.004,0.4005,0.1565,0.4395,34.603,P2.4,18x18
228,P2.4_CGTTATGGAGCCATCCCT,0.0055,0.3115,0.45299999999999996,0.23,30.1465,P2.4,20x23
229,P2.4_GACCAAGAGTAGCGAGGG,0.0045000000000000005,0.447,0.15,0.3985,39.645,P2.4,18x16
230,P2.4_TTAGACGAGCTCGTAGTT,0.0035,0.479,0.4995,0.018500000000000003,43.5465,P2.4,19x17
231,P2.4_GTGATCGGTCCTGTATAG,0.0085,0.433,0.1925,0.366,26.009,P2.4,21x18
232,P2.4_TACCTTTGTGTAATGGCG,0.002,0.2995,0.1235,0.575,64.317,P2.4,17x19
233,P2.4_GTTGCCTCTTGTAAATTC,0.004,0.508,0.1405,0.34750000000000003,38.7625,P2.4,20x24
234,P2.4_TATGTAACCGCAGGCCAA,0.002,0.111,0.1575,0.7295,72.419,P2.4,19x23
235,P2.4_GGTAATAGTTGATGGGCT,0.008,0.527,0.2725,0.193,20.746,P2.4,22x24
236,P2.4_TTAACTGGCCAGCAACAG,0.0035,0.327,0.62,0.0495,38.119,P2.4,20x25
237,P2.4_TACTTATGCATTACAATT,0.0045000000000000005,0.0795,0.0975,0.8185,25.1635,P2.4,21x25
238,P2.4_CGTCCTAGCTAAGTCGCC,0.0045000000000000005,0.311,0.11800000000000001,0.5675,42.935,P2.4,18x23
239,P2.4_ATCCGTAACATCTTATCA,0.003,0.3715,0.21899999999999997,0.406,36.1075,P2.4,19x15
240,P2.4_TCACTCATACTTGGCCGG,0.005,0.3875,0.2275,0.3805,23.713,P2.4,20x15
241,P2.4_GCGGCACTTGGGATCGCC,0.0045000000000000005,0.53,0.146,0.32,36.1495,P2.4,19x14
242,P2.4_TAGTCGCTATATCAGGAT,0.0045000000000000005,0.3365,0.2115,0.4475,38.137,P2.4,20x14
243,P2.4_TACTTGTTAAGGCGACGC,0.0155,0.04,0.11199999999999999,0.8320000000000001,43.3685,P2.4,19x27
244,P2.4_CTCGTTACGTCAAGCAAC,0.0035,0.5780000000000001,0.35200000000000004,0.066,38.6365,P2.4,18x27
245,P2.4_CTTCCAACTCTCGCATAG,0.001,0.081,0.0505,0.868,117.994,P2.4,16x21
246,P2.4_GACCGAGGCGACGCCAAT,0.0035,0.3435,0.2855,0.36700000000000005,42.427,P2.4,14x22
247,P2.4_GAATATGAGTTGATACAG,0.003,0.2315,0.3135,0.452,51.234,P2.4,14x21
248,P2.4_CGGCCAAAGATACTTTAA,0.003,0.458,0.1885,0.35,55.327,P2.4,17x22
249,P2.4_AGGGACGTCGTTTGCCTG,0.009000000000000001,0.266,0.232,0.4925,20.0285,P2.4,14x24
250,P2.4_TCTCCGTACACGCGCCTT,0.003,0.3055,0.2465,0.445,35.464,P2.4,15x23
251,P2.4_GCCGAAAGACTAGGTCTC,0.0025,0.265,0.27699999999999997,0.4555,48.8065,P2.4,15x21
252,P2.4_TAACTTCGATCAGGCTTA,0.003,0.061,0.2715,0.664,38.492,P2.4,14x23
253,P2.4_GAAGATTCGCCCGGTCCA,0.002,0.1185,0.151,0.7284999999999999,57.3225,P2.4,16x22
254,P2.4_GTACAGGTCTAAATCTAA,0.0055,0.722,0.2135,0.059000000000000004,22.528000000000002,P2.4,22x9
255,P2.4_GCTTCCGATGAGTTGTGG,0.0025,0.1785,0.2995,0.5195000000000001,66.60900000000001,P2.4,23x10
256,P2.4_CTTGACGCGTGGACAAAC,0.006,0.5485,0.4075,0.038,20.282,P2.4,22x10
257,P2.4_TTCCTTGTTACGGGTGAG,0.004,0.342,0.406,0.2485,27.874,P2.4,24x11
258,P2.4_GCCGCCTAAGTGATCTTG,0.005,0.0115,0.018500000000000003,0.965,28.541999999999998,P2.4,23x9
259,P2.4_CGAGCACTCAATTCCGGG,0.003,0.4765,0.21899999999999997,0.301,43.798,P2.4,23x11
260,P2.4_GAGGCGTACACTACAACC,0.006500000000000001,0.5235000000000001,0.237,0.233,24.3765,P2.4,21x13
261,P2.4_TAACGCGTGCTGAGTAGG,0.006999999999999999,0.3375,0.523,0.1325,20.039,P2.4,22x13
262,P2.4_ACGTAAGGTGATGCGACG,0.005,0.4785,0.4635,0.0535,34.067,P2.4,23x12
263,P2.4_CATCTGCTGTAGTCCGAT,0.004,0.4235,0.363,0.209,25.355,P2.4,17x26
264,P2.4_TTCCGAGCTGTACAAGTC,0.0055,0.4975,0.4685,0.027999999999999997,23.45,P2.4,23x26
265,P2.4_GAATGAGGCGTGCCAAGG,0.005,0.3275,0.22,0.44799999999999995,44.8685,P2.4,16x25
266,P2.4_GGCTATCCTCTAGAGCAG,0.003,0.6579999999999999,0.265,0.07400000000000001,56.276,P2.4,16x24
267,P2.4_TCCATTGTCGACCGTACC,0.005,0.494,0.212,0.29000000000000004,32.422,P2.4,17x25
